Workbook

Sheet Roadmap
A1: Done | B1: Day | C1: Pattern | D1: # | E1: Problem | F1: Difficulty | G1: URL | H1: Notes
B2: Hey, I'm Shubham, 7+ years in tech, 100+ interviews on both sides of the table. Career path: Infosys → Pubmatic → Amazon → Coursera (currently WFH) I've cracked multiple high-paying offers across India and internationally using the exact playbook below. Connect here - Linkedin , Instagram, Connect on - Whatsapp
A3: ☐ | B3: 1 | C3: Arrays | D3: 1 | E3: Contains Duplicate | F3: Easy | G3: https://leetcode.com/problems/contains-duplicate/
A4: ☐ | B4: 1 | C4: Arrays | D4: 2 | E4: Product of Array Except Self | F4: Medium | G4: https://leetcode.com/problems/product-of-array-except-self/
A5: ☐ | B5: 1 | C5: Arrays | D5: 3 | E5: Valid Sudoku | F5: Medium | G5: https://leetcode.com/problems/valid-sudoku/
A6: ☐ | B6: 2 | C6: Hashing | D6: 4 | E6: Valid Anagram | F6: Easy | G6: https://leetcode.com/problems/valid-anagram/
A7: ☐ | B7: 2 | C7: Hashing | D7: 5 | E7: Two Sum | F7: Easy | G7: https://leetcode.com/problems/two-sum/
A8: ☐ | B8: 2 | C8: Hashing | D8: 6 | E8: Group Anagrams | F8: Medium | G8: https://leetcode.com/problems/group-anagrams/
A9: ☐ | B9: 3 | C9: Hashing | D9: 7 | E9: Top K Frequent Elements | F9: Medium | G9: https://leetcode.com/problems/top-k-frequent-elements/
A10: ☐ | B10: 3 | C10: Hashing | D10: 8 | E10: Longest Consecutive Sequence | F10: Medium | G10: https://leetcode.com/problems/longest-consecutive-sequence/
A11: ☐ | B11: 4 | C11: Hashing | D11: 9 | E11: Subarray Sum Equals K | F11: Medium | G11: https://leetcode.com/problems/subarray-sum-equals-k/
A12: ☐ | B12: 5 | C12: Two Pointers | D12: 10 | E12: Valid Palindrome | F12: Easy | G12: https://leetcode.com/problems/valid-palindrome/
A13: ☐ | B13: 5 | C13: Two Pointers | D13: 11 | E13: Two Sum II - Input Array Is Sorted | F13: Medium | G13: https://leetcode.com/problems/two-sum-ii-input-array-is-sorted/
A14: ☐ | B14: 6 | C14: Two Pointers | D14: 12 | E14: Sort Colors | F14: Medium | G14: https://leetcode.com/problems/sort-colors/
A15: ☐ | B15: 6 | C15: Two Pointers | D15: 13 | E15: 3Sum | F15: Medium | G15: https://leetcode.com/problems/3sum/
A16: ☐ | B16: 7 | C16: Review | E16: Review Day: redo Days 1-6
A17: ☐ | B17: 8 | C17: Two Pointers | D17: 14 | E17: Container With Most Water | F17: Medium | G17: https://leetcode.com/problems/container-with-most-water/
A18: ☐ | B18: 8 | C18: Two Pointers | D18: 15 | E18: Trapping Rain Water | F18: Hard | G18: https://leetcode.com/problems/trapping-rain-water/
A19: ☐ | B19: 9 | C19: Sliding Window | D19: 16 | E19: Best Time to Buy and Sell Stock | F19: Easy | G19: https://leetcode.com/problems/best-time-to-buy-and-sell-stock/
A20: ☐ | B20: 9 | C20: Sliding Window | D20: 17 | E20: Longest Substring Without Repeating Characters | F20: Medium | G20: https://leetcode.com/problems/longest-substring-without-repeating-characters/
A21: ☐ | B21: 10 | C21: Sliding Window | D21: 18 | E21: Longest Repeating Character Replacement | F21: Medium | G21: https://leetcode.com/problems/longest-repeating-character-replacement/
A22: ☐ | B22: 10 | C22: Sliding Window | D22: 19 | E22: Permutation in String | F22: Medium | G22: https://leetcode.com/problems/permutation-in-string/
A23: ☐ | B23: 11 | C23: Sliding Window | D23: 20 | E23: Find All Anagrams in a String | F23: Medium | G23: https://leetcode.com/problems/find-all-anagrams-in-a-string/
A24: ☐ | B24: 11 | C24: Sliding Window | D24: 21 | E24: Minimum Window Substring | F24: Hard | G24: https://leetcode.com/problems/minimum-window-substring/
A25: ☐ | B25: 12 | C25: Sliding Window | D25: 22 | E25: Sliding Window Maximum | F25: Hard | G25: https://leetcode.com/problems/sliding-window-maximum/
A26: ☐ | B26: 13 | C26: Stack | D26: 23 | E26: Valid Parentheses | F26: Easy | G26: https://leetcode.com/problems/valid-parentheses/
A27: ☐ | B27: 13 | C27: Stack | D27: 24 | E27: Implement Queue using Stacks | F27: Easy | G27: https://leetcode.com/problems/implement-queue-using-stacks/
A28: ☐ | B28: 13 | C28: Stack | D28: 25 | E28: Min Stack | F28: Medium | G28: https://leetcode.com/problems/min-stack/
A29: ☐ | B29: 14 | C29: Review | E29: Review Day: redo Days 8-13
A30: ☐ | B30: 15 | C30: Stack | D30: 26 | E30: Evaluate Reverse Polish Notation | F30: Medium | G30: https://leetcode.com/problems/evaluate-reverse-polish-notation/
A31: ☐ | B31: 15 | C31: Stack | D31: 27 | E31: Daily Temperatures | F31: Medium | G31: https://leetcode.com/problems/daily-temperatures/
A32: ☐ | B32: 16 | C32: Stack | D32: 28 | E32: Generate Parentheses | F32: Medium | G32: https://leetcode.com/problems/generate-parentheses/
A33: ☐ | B33: 16 | C33: Stack | D33: 29 | E33: Car Fleet | F33: Medium | G33: https://leetcode.com/problems/car-fleet/
A34: ☐ | B34: 17 | C34: Stack | D34: 30 | E34: Largest Rectangle in Histogram | F34: Hard | G34: https://leetcode.com/problems/largest-rectangle-in-histogram/
A35: ☐ | B35: 18 | C35: Binary Search | D35: 31 | E35: Binary Search | F35: Easy | G35: https://leetcode.com/problems/binary-search/
A36: ☐ | B36: 18 | C36: Binary Search | D36: 32 | E36: Find First and Last Position in Sorted Array | F36: Medium | G36: https://leetcode.com/problems/find-first-and-last-position-of-element-in-sorted-array/
A37: ☐ | B37: 19 | C37: Binary Search | D37: 33 | E37: Search a 2D Matrix | F37: Medium | G37: https://leetcode.com/problems/search-a-2d-matrix/
A38: ☐ | B38: 19 | C38: Binary Search | D38: 34 | E38: Koko Eating Bananas | F38: Medium | G38: https://leetcode.com/problems/koko-eating-bananas/
A39: ☐ | B39: 20 | C39: Binary Search | D39: 35 | E39: Find Minimum in Rotated Sorted Array | F39: Medium | G39: https://leetcode.com/problems/find-minimum-in-rotated-sorted-array/
A40: ☐ | B40: 20 | C40: Binary Search | D40: 36 | E40: Search in Rotated Sorted Array | F40: Medium | G40: https://leetcode.com/problems/search-in-rotated-sorted-array/
A41: ☐ | B41: 21 | C41: Review | E41: Review Day: redo Days 15-20
A42: ☐ | B42: 22 | C42: Binary Search | D42: 37 | E42: Time Based Key-Value Store | F42: Medium | G42: https://leetcode.com/problems/time-based-key-value-store/
A43: ☐ | B43: 22 | C43: Binary Search | D43: 38 | E43: Median of Two Sorted Arrays | F43: Hard | G43: https://leetcode.com/problems/median-of-two-sorted-arrays/
A44: ☐ | B44: 23 | C44: Linked List | D44: 39 | E44: Reverse Linked List | F44: Easy | G44: https://leetcode.com/problems/reverse-linked-list/
A45: ☐ | B45: 23 | C45: Linked List | D45: 40 | E45: Merge Two Sorted Lists | F45: Easy | G45: https://leetcode.com/problems/merge-two-sorted-lists/
A46: ☐ | B46: 23 | C46: Linked List | D46: 41 | E46: Linked List Cycle | F46: Easy | G46: https://leetcode.com/problems/linked-list-cycle/
A47: ☐ | B47: 24 | C47: Linked List | D47: 42 | E47: Palindrome Linked List | F47: Easy | G47: https://leetcode.com/problems/palindrome-linked-list/
A48: ☐ | B48: 24 | C48: Linked List | D48: 43 | E48: Reorder List | F48: Medium | G48: https://leetcode.com/problems/reorder-list/
A49: ☐ | B49: 25 | C49: Linked List | D49: 44 | E49: Remove Nth Node From End of List | F49: Medium | G49: https://leetcode.com/problems/remove-nth-node-from-end-of-list/
A50: ☐ | B50: 25 | C50: Linked List | D50: 45 | E50: Find the Duplicate Number | F50: Medium | G50: https://leetcode.com/problems/find-the-duplicate-number/
A51: ☐ | B51: 26 | C51: Linked List | D51: 46 | E51: Add Two Numbers | F51: Medium | G51: https://leetcode.com/problems/add-two-numbers/
A52: ☐ | B52: 26 | C52: Linked List | D52: 47 | E52: Copy List with Random Pointer | F52: Medium | G52: https://leetcode.com/problems/copy-list-with-random-pointer/
A53: ☐ | B53: 27 | C53: Linked List | D53: 48 | E53: LRU Cache | F53: Medium | G53: https://leetcode.com/problems/lru-cache/
A54: ☐ | B54: 27 | C54: Linked List | D54: 49 | E54: Merge K Sorted Lists | F54: Hard | G54: https://leetcode.com/problems/merge-k-sorted-lists/
A55: ☐ | B55: 28 | C55: Review | E55: Review Day: redo Days 22-27
A56: ☐ | B56: 29 | C56: Linked List | D56: 50 | E56: Reverse Nodes in K-Group | F56: Hard | G56: https://leetcode.com/problems/reverse-nodes-in-k-group/
A57: ☐ | B57: 30 | C57: Trees | D57: 51 | E57: Invert Binary Tree | F57: Easy | G57: https://leetcode.com/problems/invert-binary-tree/
A58: ☐ | B58: 30 | C58: Trees | D58: 52 | E58: Maximum Depth of Binary Tree | F58: Easy | G58: https://leetcode.com/problems/maximum-depth-of-binary-tree/
A59: ☐ | B59: 30 | C59: Trees | D59: 53 | E59: Same Tree | F59: Easy | G59: https://leetcode.com/problems/same-tree/
A60: ☐ | B60: 31 | C60: Trees | D60: 54 | E60: Diameter of Binary Tree | F60: Easy | G60: https://leetcode.com/problems/diameter-of-binary-tree/
A61: ☐ | B61: 31 | C61: Trees | D61: 55 | E61: Balanced Binary Tree | F61: Easy | G61: https://leetcode.com/problems/balanced-binary-tree/
A62: ☐ | B62: 31 | C62: Trees | D62: 56 | E62: Subtree of Another Tree | F62: Easy | G62: https://leetcode.com/problems/subtree-of-another-tree/
A63: ☐ | B63: 32 | C63: Trees | D63: 57 | E63: Lowest Common Ancestor of a BST | F63: Medium | G63: https://leetcode.com/problems/lowest-common-ancestor-of-a-binary-search-tree/
A64: ☐ | B64: 32 | C64: Trees | D64: 58 | E64: Binary Tree Level Order Traversal | F64: Medium | G64: https://leetcode.com/problems/binary-tree-level-order-traversal/
A65: ☐ | B65: 33 | C65: Trees | D65: 59 | E65: Binary Tree Right Side View | F65: Medium | G65: https://leetcode.com/problems/binary-tree-right-side-view/
A66: ☐ | B66: 33 | C66: Trees | D66: 60 | E66: Count Good Nodes in Binary Tree | F66: Medium | G66: https://leetcode.com/problems/count-good-nodes-in-binary-tree/
A67: ☐ | B67: 34 | C67: Trees | D67: 61 | E67: Validate Binary Search Tree | F67: Medium | G67: https://leetcode.com/problems/validate-binary-search-tree/
A68: ☐ | B68: 34 | C68: Trees | D68: 62 | E68: Kth Smallest Element in a BST | F68: Medium | G68: https://leetcode.com/problems/kth-smallest-element-in-a-bst/
A69: ☐ | B69: 35 | C69: Review | E69: Review Day: redo Days 29-34
A70: ☐ | B70: 36 | C70: Trees | D70: 63 | E70: Construct Binary Tree from Preorder and Inorder | F70: Medium | G70: https://leetcode.com/problems/construct-binary-tree-from-preorder-and-inorder-traversal/
A71: ☐ | B71: 36 | C71: Trees | D71: 64 | E71: Binary Tree Maximum Path Sum | F71: Hard | G71: https://leetcode.com/problems/binary-tree-maximum-path-sum/
A72: ☐ | B72: 37 | C72: Trees | D72: 65 | E72: Serialize and Deserialize Binary Tree | F72: Hard | G72: https://leetcode.com/problems/serialize-and-deserialize-binary-tree/
A73: ☐ | B73: 38 | C73: Heap / Priority Queue | D73: 66 | E73: Kth Largest Element in a Stream | F73: Easy | G73: https://leetcode.com/problems/kth-largest-element-in-a-stream/
A74: ☐ | B74: 38 | C74: Heap / Priority Queue | D74: 67 | E74: Last Stone Weight | F74: Easy | G74: https://leetcode.com/problems/last-stone-weight/
A75: ☐ | B75: 39 | C75: Heap / Priority Queue | D75: 68 | E75: K Closest Points to Origin | F75: Medium | G75: https://leetcode.com/problems/k-closest-points-to-origin/
A76: ☐ | B76: 39 | C76: Heap / Priority Queue | D76: 69 | E76: Kth Largest Element in an Array | F76: Medium | G76: https://leetcode.com/problems/kth-largest-element-in-an-array/
A77: ☐ | B77: 40 | C77: Heap / Priority Queue | D77: 70 | E77: Task Scheduler | F77: Medium | G77: https://leetcode.com/problems/task-scheduler/
A78: ☐ | B78: 40 | C78: Heap / Priority Queue | D78: 71 | E78: Design Twitter | F78: Medium | G78: https://leetcode.com/problems/design-twitter/
A79: ☐ | B79: 41 | C79: Heap / Priority Queue | D79: 72 | E79: Find Median from Data Stream | F79: Hard | G79: https://leetcode.com/problems/find-median-from-data-stream/
A80: ☐ | B80: 42 | C80: Review | E80: Review Day: redo Days 36-41
A81: ☐ | B81: 43 | C81: Backtracking | D81: 73 | E81: Subsets | F81: Medium | G81: https://leetcode.com/problems/subsets/
A82: ☐ | B82: 43 | C82: Backtracking | D82: 74 | E82: Subsets II | F82: Medium | G82: https://leetcode.com/problems/subsets-ii/
A83: ☐ | B83: 44 | C83: Backtracking | D83: 75 | E83: Combination Sum | F83: Medium | G83: https://leetcode.com/problems/combination-sum/
A84: ☐ | B84: 44 | C84: Backtracking | D84: 76 | E84: Combination Sum II | F84: Medium | G84: https://leetcode.com/problems/combination-sum-ii/
A85: ☐ | B85: 45 | C85: Backtracking | D85: 77 | E85: Permutations | F85: Medium | G85: https://leetcode.com/problems/permutations/
A86: ☐ | B86: 45 | C86: Backtracking | D86: 78 | E86: Word Search | F86: Medium | G86: https://leetcode.com/problems/word-search/
A87: ☐ | B87: 46 | C87: Backtracking | D87: 79 | E87: Palindrome Partitioning | F87: Medium | G87: https://leetcode.com/problems/palindrome-partitioning/
A88: ☐ | B88: 46 | C88: Backtracking | D88: 80 | E88: Letter Combinations of a Phone Number | F88: Medium | G88: https://leetcode.com/problems/letter-combinations-of-a-phone-number/
A89: ☐ | B89: 47 | C89: Backtracking | D89: 81 | E89: N-Queens | F89: Hard | G89: https://leetcode.com/problems/n-queens/
A90: ☐ | B90: 48 | C90: Tries | D90: 82 | E90: Implement Trie (Prefix Tree) | F90: Medium | G90: https://leetcode.com/problems/implement-trie-prefix-tree/
A91: ☐ | B91: 48 | C91: Tries | D91: 83 | E91: Design Add and Search Words Data Structure | F91: Medium | G91: https://leetcode.com/problems/design-add-and-search-words-data-structure/
A92: ☐ | B92: 49 | C92: Review | E92: Review Day: redo Days 43-48
A93: ☐ | B93: 50 | C93: Tries | D93: 84 | E93: Word Search II | F93: Hard | G93: https://leetcode.com/problems/word-search-ii/
A94: ☐ | B94: 50 | C94: Graphs | D94: 85 | E94: Number of Islands | F94: Medium | G94: https://leetcode.com/problems/number-of-islands/
A95: ☐ | B95: 51 | C95: Graphs | D95: 86 | E95: Max Area of Island | F95: Medium | G95: https://leetcode.com/problems/max-area-of-island/
A96: ☐ | B96: 51 | C96: Graphs | D96: 87 | E96: Clone Graph | F96: Medium | G96: https://leetcode.com/problems/clone-graph/
A97: ☐ | B97: 52 | C97: Graphs | D97: 88 | E97: Number of Provinces | F97: Medium | G97: https://leetcode.com/problems/number-of-provinces/
A98: ☐ | B98: 52 | C98: Graphs | D98: 89 | E98: Rotting Oranges | F98: Medium | G98: https://leetcode.com/problems/rotting-oranges/
A99: ☐ | B99: 53 | C99: Graphs | D99: 90 | E99: Pacific Atlantic Water Flow | F99: Medium | G99: https://leetcode.com/problems/pacific-atlantic-water-flow/
A100: ☐ | B100: 53 | C100: Graphs | D100: 91 | E100: Surrounded Regions | F100: Medium | G100: https://leetcode.com/problems/surrounded-regions/
...

Sheet Progress
A1: Progress Tracker
A3: Problems solved | B3: =COUNTIFS(Roadmap!$A$3:$A$165,"☑",Roadmap!$D$3:$D$165,">0") -> 0
A4: Total problems | B4: =COUNTIF(Roadmap!$D$3:$D$165,">0") -> 150
A5: Completion | B5: =IF(B4=0,0,B3/B4) -> 0
A6: Days completed (all rows in day ticked) | B6: =SUMPRODUCT(--(COUNTIFS(Roadmap!$B$3:$B$165,ROW($1:$90),Roadmap!$A$3:$A$165,"☑")=COUNTIF(Roadmap!$B$3:$B$165,ROW($1:$90)))) -> 0
A8: Pattern | B8: Solved | C8: Total | D8: Completion
A9: Arrays | B9: =COUNTIFS(Roadmap!$C$3:$C$165,A9,Roadmap!$A$3:$A$165,"☑",Roadmap!$D$3:$D$165,">0") -> 0 | C9: =COUNTIFS(Roadmap!$C$3:$C$165,A9,Roadmap!$D$3:$D$165,">0") -> 3 | D9: =IF(C9=0,0,B9/C9) -> 0
A10: Hashing | B10: =COUNTIFS(Roadmap!$C$3:$C$165,A10,Roadmap!$A$3:$A$165,"☑",Roadmap!$D$3:$D$165,">0") -> 0 | C10: =COUNTIFS(Roadmap!$C$3:$C$165,A10,Roadmap!$D$3:$D$165,">0") -> 6 | D10: =IF(C10=0,0,B10/C10) -> 0
A11: Two Pointers | B11: =COUNTIFS(Roadmap!$C$3:$C$165,A11,Roadmap!$A$3:$A$165,"☑",Roadmap!$D$3:$D$165,">0") -> 0 | C11: =COUNTIFS(Roadmap!$C$3:$C$165,A11,Roadmap!$D$3:$D$165,">0") -> 6 | D11: =IF(C11=0,0,B11/C11) -> 0
A12: Sliding Window | B12: =COUNTIFS(Roadmap!$C$3:$C$165,A12,Roadmap!$A$3:$A$165,"☑",Roadmap!$D$3:$D$165,">0") -> 0 | C12: =COUNTIFS(Roadmap!$C$3:$C$165,A12,Roadmap!$D$3:$D$165,">0") -> 7 | D12: =IF(C12=0,0,B12/C12) -> 0
A13: Stack | B13: =COUNTIFS(Roadmap!$C$3:$C$165,A13,Roadmap!$A$3:$A$165,"☑",Roadmap!$D$3:$D$165,">0") -> 0 | C13: =COUNTIFS(Roadmap!$C$3:$C$165,A13,Roadmap!$D$3:$D$165,">0") -> 8 | D13: =IF(C13=0,0,B13/C13) -> 0
A14: Binary Search | B14: =COUNTIFS(Roadmap!$C$3:$C$165,A14,Roadmap!$A$3:$A$165,"☑",Roadmap!$D$3:$D$165,">0") -> 0 | C14: =COUNTIFS(Roadmap!$C$3:$C$165,A14,Roadmap!$D$3:$D$165,">0") -> 8 | D14: =IF(C14=0,0,B14/C14) -> 0
A15: Linked List | B15: =COUNTIFS(Roadmap!$C$3:$C$165,A15,Roadmap!$A$3:$A$165,"☑",Roadmap!$D$3:$D$165,">0") -> 0 | C15: =COUNTIFS(Roadmap!$C$3:$C$165,A15,Roadmap!$D$3:$D$165,">0") -> 12 | D15: =IF(C15=0,0,B15/C15) -> 0
A16: Trees | B16: =COUNTIFS(Roadmap!$C$3:$C$165,A16,Roadmap!$A$3:$A$165,"☑",Roadmap!$D$3:$D$165,">0") -> 0 | C16: =COUNTIFS(Roadmap!$C$3:$C$165,A16,Roadmap!$D$3:$D$165,">0") -> 15 | D16: =IF(C16=0,0,B16/C16) -> 0
A17: Heap / Priority Queue | B17: =COUNTIFS(Roadmap!$C$3:$C$165,A17,Roadmap!$A$3:$A$165,"☑",Roadmap!$D$3:$D$165,">0") -> 0 | C17: =COUNTIFS(Roadmap!$C$3:$C$165,A17,Roadmap!$D$3:$D$165,">0") -> 7 | D17: =IF(C17=0,0,B17/C17) -> 0
A18: Backtracking | B18: =COUNTIFS(Roadmap!$C$3:$C$165,A18,Roadmap!$A$3:$A$165,"☑",Roadmap!$D$3:$D$165,">0") -> 0 | C18: =COUNTIFS(Roadmap!$C$3:$C$165,A18,Roadmap!$D$3:$D$165,">0") -> 9 | D18: =IF(C18=0,0,B18/C18) -> 0
A19: Tries | B19: =COUNTIFS(Roadmap!$C$3:$C$165,A19,Roadmap!$A$3:$A$165,"☑",Roadmap!$D$3:$D$165,">0") -> 0 | C19: =COUNTIFS(Roadmap!$C$3:$C$165,A19,Roadmap!$D$3:$D$165,">0") -> 3 | D19: =IF(C19=0,0,B19/C19) -> 0
A20: Graphs | B20: =COUNTIFS(Roadmap!$C$3:$C$165,A20,Roadmap!$A$3:$A$165,"☑",Roadmap!$D$3:$D$165,">0") -> 0 | C20: =COUNTIFS(Roadmap!$C$3:$C$165,A20,Roadmap!$D$3:$D$165,">0") -> 16 | D20: =IF(C20=0,0,B20/C20) -> 0
... A26: Bit Manipulation | B26: =COUNTIFS(Roadmap!$C$3:$C$165,A26,Roadmap!$A$3:$A$165,"☑",Roadmap!$D$3:$D$165,">0") -> 0 | C26: =COUNTIFS(Roadmap!$C$3:$C$165,A26,Roadmap!$D$3:$D$165,">0") -> 7 | D26: =IF(C26=0,0,B26/C26) -> 0
A28: Difficulty | B28: Solved | C28: Total | D28: Completion
A29: Easy | B29: =COUNTIFS(Roadmap!$F$3:$F$165,A29,Roadmap!$A$3:$A$165,"☑") -> 0 | C29: =COUNTIF(Roadmap!$F$3:$F$165,A29) -> 29 | D29: =IF(C29=0,0,B29/C29) -> 0
A30: Medium | B30: =COUNTIFS(Roadmap!$F$3:$F$165,A30,Roadmap!$A$3:$A$165,"☑") -> 0 | C30: =COUNTIF(Roadmap!$F$3:$F$165,A30) -> 101 | D30: =IF(C30=0,0,B30/C30) -> 0
A31: Hard | B31: =COUNTIFS(Roadmap!$F$3:$F$165,A31,Roadmap!$A$3:$A$165,"☑") -> 0 | C31: =COUNTIF(Roadmap!$F$3:$F$165,A31) -> 20 | D31: =IF(C31=0,0,B31/C31) -> 0
A33: How to use: on the Roadmap sheet, click a cell in the Done column and pick ☑ from the dropdown. Rows turn green and this sheet updates automatically.
